Date,Close,Open,High,Low,Volume,Change
2016-08-12,16919.92,16877.18,16943.67,16818.43,1190000000.0,0.011000000000000001
2016-08-15,16869.56,16866.89,16932.11,16844.58,837230000.0,-0.003
2016-08-16,16596.51,16878.66,16887.57,16596.51,1100000000.0,-0.016200000000000003
2016-08-17,16745.64,16596.26,16772.11,16596.26,1170000000.0,0.009000000000000001
2016-08-18,16486.01,16649.91,16714.61,16481.41,1300000000.0,-0.0155
2016-08-19,16545.82,16558.38,16613.04,16452.62,1220000000.0,0.0036
2016-08-22,16598.19,16599.26,16631.23,16540.94,952950000.0,0.0032
2016-08-23,16497.36,16549.82,16663.64,16452.01,1080000000.0,-0.0060999999999999995
2016-08-24,16597.3,16550.21,16648.07,16544.39,911060000.0,0.0060999999999999995
2016-08-25,16555.95,16580.15,16628.79,16520.84,929030000.0,-0.0025
2016-08-26,16360.71,16485.55,16490.53,16320.43,1050000000.0,-0.0118
2016-08-29,16737.49,16631.06,16764.64,16616.65,1140000000.0,0.023
2016-08-30,16725.36,16690.98,16752.16,16677.85,1040000000.0,-0.0007000000000000001
2016-08-31,16887.4,16857.83,16917.86,16836.96,1500000000.0,0.0097
2016-09-01,16926.84,16885.16,16941.18,16864.56,1310000000.0,0.0023
2016-09-02,16925.68,16903.78,16946.49,16848.12,1160000000.0,-0.0001
2016-09-05,17037.63,17131.52,17156.36,17009.21,1270000000.0,0.0066
2016-09-06,17081.98,17035.03,17097.59,17022.64,1080000000.0,0.0026
2016-09-07,17012.44,16937.38,17024.26,16903.2,1320000000.0,-0.0040999999999999995
2016-09-08,16958.77,16984.0,17001.84,16836.65,1110000000.0,-0.0032
2016-09-09,16965.76,16994.37,17029.78,16902.09,1240000000.0,0.0004
2016-09-12,16672.92,16748.36,16802.0,16601.54,1130000000.0,-0.0173
2016-09-13,16729.04,16764.65,16787.06,16658.4,982280000.0,0.0034000000000000002
2016-09-14,16614.24,16632.06,16706.61,16585.8,1160000000.0,-0.0069
2016-09-15,16405.01,16512.42,16528.02,16359.78,1180000000.0,-0.0126
2016-09-16,16519.29,16458.74,16532.84,16415.86,1270000000.0,0.006999999999999999
2016-09-20,16492.15,16403.22,16591.7,16403.22,1210000000.0,-0.0016
2016-09-21,16807.62,16471.85,16823.63,16399.65,1910000000.0,0.0191
2016-09-23,16754.02,16759.84,16808.59,16725.53,1380000000.0,-0.0032
2016-09-26,16544.56,16707.45,16707.45,16514.93,1030000000.0,-0.0125
2016-09-27,16683.93,16390.91,16683.93,16285.41,1570000000.0,0.0084
2016-09-28,16465.4,16504.99,16515.84,16385.03,1120000000.0,-0.0131
2016-09-29,16693.71,16606.3,16756.43,16584.14,1230000000.0,0.0139
2016-09-30,16449.84,16474.45,16497.55,16407.78,1240000000.0,-0.0146
2016-10-03,16598.67,16566.03,16652.16,16554.83,992120000.0,0.009000000000000001
2016-10-04,16735.65,16661.51,16747.2,16637.82,1000000000.0,0.0083
2016-10-05,16819.24,16787.89,16844.35,16728.19,1150000000.0,0.005
2016-10-06,16899.1,16913.6,16971.28,16888.77,1110000000.0,0.004699999999999999
2016-10-07,16860.09,16883.12,16895.13,16820.21,1000000000.0,-0.0023
2016-10-11,17024.76,16936.31,17074.46,16931.12,1120000000.0,0.0098
2016-10-12,16840.0,16850.73,16951.54,16839.41,1160000000.0,-0.0109
2016-10-13,16774.24,16923.82,16974.25,16739.73,1110000000.0,-0.0039000000000000003
2016-10-14,16856.37,16751.04,16866.56,16727.78,1090000000.0,0.0049
2016-10-17,16900.12,16871.84,16954.44,16821.49,951270000.0,0.0026
2016-10-18,16963.61,16862.31,16966.9,16844.17,986430000.0,0.0038
2016-10-19,16998.91,16952.91,17016.66,16938.46,1020000000.0,0.0021
2016-10-20,17235.5,16999.36,17235.5,16992.14,1120000000.0,0.0139
2016-10-21,17184.59,17283.75,17288.89,17151.98,1140000000.0,-0.003
2016-10-24,17234.42,17216.56,17244.74,17162.21,877170000.0,0.0029
2016-10-25,17365.25,17298.63,17381.8,17298.63,1080000000.0,0.0076
2016-10-26,17391.84,17329.03,17391.84,17295.46,980810000.0,0.0015
2016-10-27,17336.42,17346.39,17414.21,17278.12,1080000000.0,-0.0032
2016-10-28,17446.41,17448.25,17461.03,17406.72,1680000000.0,0.0063
2016-10-31,17425.02,17360.89,17433.13,17327.62,1570000000.0,-0.0012
2016-11-01,17442.4,17380.54,17473.12,17339.64,1230000000.0,0.001
2016-11-02,17134.68,17238.0,17283.6,17080.59,1350000000.0,-0.0176
2016-11-04,16905.36,16964.5,16996.09,16801.98,1350000000.0,-0.0134
2016-11-07,17177.21,17126.03,17186.89,17056.84,1130000000.0,0.0161
2016-11-08,17171.38,17242.7,17247.04,17130.83,1030000000.0,-0.0003
2016-11-09,16251.54,17281.95,17427.71,16111.81,2750000000.0,-0.0536
2016-11-10,17344.42,16562.86,17393.82,16560.66,2290000000.0,0.0672
2016-11-11,17374.79,17526.61,17621.73,17333.49,2490000000.0,0.0018
2016-11-14,17672.62,17467.49,17697.33,17455.78,1650000000.0,0.0171
2016-11-15,17668.15,17690.22,17727.58,17605.77,1730000000.0,-0.0003
2016-11-16,17862.21,17832.51,17886.44,17807.47,2000000000.0,0.011000000000000001
2016-11-17,17862.63,17766.61,17884.06,17764.08,1610000000.0,0.0
2016-11-18,17967.41,18024.21,18043.72,17967.41,1670000000.0,0.0059
2016-11-21,18106.02,18038.09,18129.03,18007.79,1360000000.0,0.0077
2016-11-22,18162.94,18091.05,18175.63,18050.55,1220000000.0,0.0031
2016-11-24,18333.41,18329.78,18382.72,18310.31,1490000000.0,0.009399999999999999
2016-11-25,18381.22,18387.59,18482.94,18288.5,1650000000.0,0.0026
2016-11-28,18356.89,18302.58,18374.93,18222.82,1450000000.0,-0.0013
2016-11-29,18307.04,18263.63,18327.51,18258.82,1260000000.0,-0.0027
2016-11-30,18308.48,18356.03,18370.31,18280.66,1650000000.0,0.0001
2016-12-01,18513.12,18535.24,18746.28,18469.27,1880000000.0,0.011200000000000002
2016-12-02,18426.08,18435.55,18469.68,18315.38,1970000000.0,-0.004699999999999999
2016-12-05,18274.99,18349.92,18365.74,18227.39,1340000000.0,-0.008199999999999999
2016-12-06,18360.54,18457.2,18484.8,18318.99,1590000000.0,0.004699999999999999
2016-12-07,18496.69,18434.54,18502.47,18410.88,1560000000.0,0.0074
2016-12-08,18765.47,18674.19,18765.47,18614.01,1870000000.0,0.014499999999999999
2016-12-09,18996.37,18839.98,19042.48,18821.41,2190000000.0,0.0123
2016-12-12,19155.03,19183.82,19280.93,19054.0,2009999999.9999998,0.0084
2016-12-13,19250.52,19120.76,19253.51,19060.72,1480000000.0,0.005
2016-12-14,19253.61,19270.01,19284.28,19184.75,1330000000.0,0.0002
2016-12-15,19273.79,19327.7,19436.9,19192.6,1550000000.0,0.001
2016-12-16,19401.15,19438.39,19439.97,19360.36,1530000000.0,0.0066
2016-12-19,19391.6,19345.84,19399.26,19307.14,1090000000.0,-0.0005
2016-12-20,19494.53,19367.84,19511.2,19356.81,1230000000.0,0.0053
2016-12-21,19444.49,19547.28,19592.9,19375.19,1300000000.0,-0.0026
2016-12-22,19427.67,19396.85,19427.67,19327.51,1170000000.0,-0.0009
2016-12-26,19396.64,19394.41,19432.48,19385.94,854910000.0,-0.0016
2016-12-27,19403.06,19353.43,19478.58,19352.06,1140000000.0,0.0003
2016-12-28,19401.72,19392.11,19442.13,19364.73,801370000.0,-0.0001
2016-12-29,19145.14,19301.04,19301.04,19092.22,1690000000.0,-0.0132
2016-12-30,19114.37,18997.68,19176.81,18991.59,1210000000.0,-0.0016
2017-01-04,19594.16,19298.68,19594.16,19277.93,1690000000.0,0.025099999999999997
2017-01-05,19520.69,19602.1,19615.4,19473.28,1390000000.0,-0.0037
2017-01-06,19454.33,19393.55,19472.37,19354.44,1230000000.0,-0.0034000000000000002
2017-01-10,19301.44,19414.83,19484.9,19255.35,1170000000.0,-0.0079
2017-01-11,19364.67,19358.64,19402.17,19325.46,1270000000.0,0.0033
2017-01-12,19134.7,19300.19,19300.19,19069.02,1250000000.0,-0.011899999999999999
2017-01-13,19287.28,19174.97,19299.36,19156.93,994180000.0,0.008
2017-01-16,19095.24,19219.13,19255.41,19061.27,860570000.0,-0.01
2017-01-17,18813.53,19038.45,19043.91,18812.86,1100000000.0,-0.0148
2017-01-18,18894.37,18753.96,18941.24,18650.33,1230000000.0,0.0043
2017-01-19,19072.25,19082.83,19122.39,18982.13,1710000000.0,0.009399999999999999
2017-01-20,19137.91,19059.15,19176.86,19040.2,1260000000.0,0.0034000000000000002
2017-01-23,18891.03,18938.45,19024.21,18879.68,1250000000.0,-0.0129
2017-01-24,18787.99,18817.42,18915.7,18783.16,1320000000.0,-0.0055000000000000005
2017-01-25,19057.5,19091.23,19133.18,18987.45,1250000000.0,0.0143
2017-01-26,19402.39,19260.67,19405.23,19232.46,1450000000.0,0.0181
2017-01-27,19467.4,19453.51,19486.68,19404.13,1350000000.0,0.0034000000000000002
2017-01-30,19368.85,19371.28,19390.97,19295.8,978020000.0,-0.0051
2017-01-31,19041.34,19145.35,19199.75,19041.34,1340000000.0,-0.0169
2017-02-01,19148.08,18926.97,19155.79,18916.18,1310000000.0,0.005600000000000001
2017-02-02,18914.58,19152.79,19170.63,18866.8,1370000000.0,-0.012199999999999999
2017-02-03,18918.2,18996.74,19061.26,18830.89,1410000000.0,0.0002
2017-02-06,18976.71,19069.72,19075.57,18899.4,1200000000.0,0.0031
2017-02-07,18910.78,18844.12,18970.58,18805.32,1060000000.0,-0.0034999999999999996
2017-02-08,19007.6,18951.16,19009.24,18875.57,1030000000.0,0.0051
2017-02-09,18907.67,18942.04,18991.23,18874.91,1300000000.0,-0.0053
2017-02-10,19378.93,19216.74,19395.99,19193.57,1490000000.0,0.024900000000000002
2017-02-13,19459.15,19513.78,19519.44,19418.18,1180000000.0,0.0040999999999999995
2017-02-14,19238.98,19478.86,19501.01,19232.85,1430000000.0,-0.0113
2017-02-15,19437.98,19438.81,19495.62,19420.0,1430000000.0,0.0103
2017-02-16,19347.53,19431.61,19431.61,19260.24,1380000000.0,-0.004699999999999999
2017-02-17,19234.62,19228.74,19275.39,19173.53,1440000000.0,-0.0058
2017-02-20,19251.08,19161.33,19274.75,19115.11,989090000.0,0.0009
2017-02-21,19381.44,19267.87,19395.35,19261.98,1010000000.0,0.0068000000000000005
2017-02-22,19379.87,19419.22,19419.22,19329.28,1570000000.0,-0.0001
2017-02-23,19371.46,19379.92,19379.92,19262.63,1410000000.0,-0.0004
2017-02-24,19283.54,19232.11,19381.1,19219.58,1490000000.0,-0.0045000000000000005
2017-02-27,19107.47,19130.51,19178.99,18995.55,1240000000.0,-0.0091
2017-02-28,19118.99,19194.68,19267.99,19118.99,1330000000.0,0.0006
2017-03-01,19393.54,19226.94,19414.55,19164.62,1320000000.0,0.0144
2017-03-02,19564.8,19624.82,19668.01,19564.8,1460000000.0,0.0088
2017-03-03,19469.17,19551.34,19587.79,19392.75,1110000000.0,-0.0049
2017-03-06,19379.14,19409.18,19411.54,19340.32,880220000.0,-0.0046
2017-03-07,19344.15,19337.19,19375.09,19317.1,987810000.0,-0.0018
2017-03-08,19254.03,19308.53,19326.4,19198.78,1030000000.0,-0.004699999999999999
2017-03-09,19318.58,19343.06,19350.2,19262.98,1010000000.0,0.0034000000000000002
2017-03-10,19604.61,19444.71,19623.72,19427.81,1550000000.0,0.0148
2017-03-13,19633.75,19545.74,19656.48,19531.51,926130000.0,0.0015
2017-03-14,19609.5,19634.29,19637.55,19599.62,1230000000.0,-0.0012
2017-03-15,19577.38,19528.75,19581.53,19503.74,1160000000.0,-0.0016
2017-03-16,19590.14,19458.7,19618.99,19454.17,1220000000.0,0.0007000000000000001
2017-03-17,19521.59,19510.89,19547.51,19487.92,1370000000.0,-0.0034999999999999996
2017-03-21,19455.88,19416.55,19485.14,19337.22,1020000000.0,-0.0034000000000000002
2017-03-22,19041.38,19146.62,19183.27,19026.53,1370000000.0,-0.0213
2017-03-23,19085.31,19048.84,19105.11,18973.75,1210000000.0,0.0023
2017-03-24,19262.53,19066.35,19296.05,19060.64,1280000000.0,0.009300000000000001
2017-03-27,18985.59,19071.19,19086.89,18932.09,1210000000.0,-0.0144
2017-03-28,19202.87,19159.07,19203.64,19113.44,1220000000.0,0.011399999999999999
2017-03-29,19217.48,19216.78,19251.3,19164.61,1150000000.0,0.0008
2017-03-30,19063.22,19150.82,19218.08,19043.48,1250000000.0,-0.008
2017-03-31,18909.26,19170.42,19210.92,18909.26,1490000000.0,-0.008100000000000001
2017-04-03,18983.23,18988.0,19068.62,18920.52,1340000000.0,0.0039000000000000003
2017-04-04,18810.25,18933.82,18947.33,18703.63,1470000000.0,-0.0091
2017-04-05,18861.27,18900.7,18941.94,18773.94,1220000000.0,0.0027
2017-04-06,18597.06,18754.37,18797.44,18532.65,1340000000.0,-0.013999999999999999
2017-04-07,18664.63,18714.98,18785.73,18517.43,1620000000.0,0.0036
2017-04-10,18797.88,18800.22,18850.8,18762.7,1110000000.0,0.0070999999999999995
2017-04-11,18747.87,18717.55,18767.7,18661.86,1080000000.0,-0.0027
2017-04-12,18552.61,18592.1,18602.5,18460.59,1200000000.0,-0.0104
2017-04-13,18426.84,18391.72,18455.25,18304.72,1270000000.0,-0.0068000000000000005
2017-04-14,18335.63,18531.91,18531.91,18285.73,1190000000.0,-0.0049
2017-04-17,18355.26,18239.84,18361.44,18224.68,891280000.0,0.0011
2017-04-18,18418.59,18497.38,18547.46,18362.73,961990000.0,0.0034999999999999996
2017-04-19,18432.2,18327.33,18467.73,18327.33,1250000000.0,0.0007000000000000001
2017-04-20,18430.49,18446.39,18523.4,18420.82,1200000000.0,-0.0001
2017-04-21,18620.75,18591.82,18648.28,18542.42,1170000000.0,0.0103
2017-04-24,18875.88,18890.38,18910.33,18840.13,1010000000.0,0.0137
2017-04-25,19079.33,18872.56,19109.76,18867.19,1220000000.0,0.0108
2017-04-26,19289.43,19184.92,19289.43,19170.86,1330000000.0,0.011000000000000001
2017-04-27,19251.87,19205.59,19281.7,19199.59,1200000000.0,-0.0019
2017-04-28,19196.74,19240.65,19264.57,19164.68,1210000000.0,-0.0029
2017-05-01,19310.52,19154.03,19311.21,19144.62,1100000000.0,0.0059
2017-05-02,19445.7,19335.72,19464.3,19335.02,1160000000.0,0.006999999999999999
2017-05-08,19895.7,19709.01,19929.48,19705.13,1530000000.0,0.0231
2017-05-09,19843.0,19915.64,19917.45,19838.71,1270000000.0,-0.0026
2017-05-10,19900.09,19890.56,19938.53,19866.3,1330000000.0,0.0029
2017-05-11,19961.55,19943.95,19989.94,19906.35,1410000000.0,0.0031
2017-05-12,19883.9,19941.64,19941.64,19809.91,1410000000.0,-0.0039000000000000003
2017-05-15,19869.85,19753.46,19869.85,19740.63,1320000000.0,-0.0007000000000000001
2017-05-16,19919.82,19953.06,19998.49,19862.41,1350000000.0,0.0025
2017-05-17,19814.88,19806.78,19842.78,19764.63,1220000000.0,-0.0053
2017-05-18,19553.86,19556.99,19601.53,19449.73,1400000000.0,-0.0132
2017-05-19,19590.76,19591.41,19628.64,19497.29,1190000000.0,0.0019
2017-05-22,19678.28,19670.48,19722.93,19618.73,808620000.0,0.0045000000000000005
2017-05-23,19613.28,19647.74,19693.02,19585.54,859790000.0,-0.0033
2017-05-24,19742.98,19777.56,19782.81,19690.1,1040000000.0,0.0066
2017-05-25,19813.13,19737.21,19850.93,19720.12,979880000.0,0.0036
2017-05-26,19686.84,19798.49,19801.59,19686.49,870740000.0,-0.0064
2017-05-29,19682.57,19697.18,19736.62,19627.19,693750000.0,-0.0002
2017-05-30,19677.85,19681.11,19691.44,19570.13,748020000.0,-0.0002
2017-05-31,19650.57,19630.33,19673.51,19589.25,1290000000.0,-0.0014000000000000002
2017-06-01,19860.03,19692.16,19887.66,19686.32,1070000000.0000001,0.010700000000000001
2017-06-02,20177.28,19970.23,20239.81,19967.0,1550000000.0,0.016
2017-06-05,20170.82,20135.42,20224.54,20104.13,1020000000.0,-0.0003
2017-06-06,19979.9,20122.26,20152.95,19948.02,1050000000.0,-0.0095
2017-06-07,19984.62,19951.68,20023.24,19908.07,1020000000.0,0.0002
2017-06-08,19909.26,20048.28,20061.22,19896.35,1290000000.0,-0.0038
2017-06-09,20013.26,19953.06,20096.01,19927.07,1500000000.0,0.0052
2017-06-12,19908.58,19920.77,19949.07,19837.64,1160000000.0,-0.0052
2017-06-13,19898.75,19859.81,19929.03,19850.86,1000000000.0,-0.0005
2017-06-14,19883.52,19974.56,20009.93,19879.6,957580000.0,-0.0008
2017-06-15,19831.82,19815.54,19963.36,19755.34,1100000000.0,-0.0026
2017-06-16,19943.26,19931.15,20015.16,19884.8,1400000000.0,0.005600000000000001
2017-06-19,20067.75,19974.3,20087.71,19949.88,822320000.0,0.0062
2017-06-20,20230.41,20234.12,20318.11,20227.29,1020000000.0,0.008100000000000001
2017-06-21,20138.79,20192.16,20215.11,20117.79,977750000.0,-0.0045000000000000005
2017-06-22,20110.51,20154.38,20191.42,20107.89,872100000.0,-0.0014000000000000002
2017-06-23,20132.67,20152.58,20152.58,20089.54,829780000.0,0.0011
2017-06-26,20153.35,20132.81,20196.38,20119.04,793880000.0,0.001
2017-06-27,20225.09,20229.12,20250.1,20185.19,930620000.0,0.0036
2017-06-28,20130.41,20149.2,20224.3,20110.49,1190000000.0,-0.004699999999999999
2017-06-29,20220.3,20260.87,20266.59,20197.38,1230000000.0,0.0045000000000000005
2017-06-30,20033.43,20025.63,20044.01,19946.51,1200000000.0,-0.0092
2017-07-03,20055.8,20056.32,20096.14,20030.61,859510000.0,0.0011
2017-07-04,20032.35,20192.27,20197.16,19971.53,1030000000.0,-0.0012
2017-07-05,20081.63,20015.07,20087.01,19888.9,974510000.0,0.0025
2017-07-06,19994.06,20061.68,20078.88,19947.63,955810000.0,-0.0044
2017-07-07,19929.09,19856.65,19979.93,19856.65,946990000.0,-0.0032
2017-07-10,20080.98,20070.44,20127.76,20023.03,883710000.0,0.0076
2017-07-11,20195.48,20073.86,20200.88,20070.67,796970000.0,0.005699999999999999
2017-07-12,20098.38,20137.22,20153.04,20061.16,839360000.0,-0.0048
2017-07-13,20099.81,20177.28,20183.8,20062.27,932860000.0,0.0001
2017-07-14,20118.86,20157.92,20163.67,20101.71,857010000.0,0.0009
2017-07-18,19999.91,20074.41,20081.29,19943.14,963160000.0,-0.0059
2017-07-19,20020.86,19970.78,20032.46,19947.26,837010000.0,0.001
2017-07-20,20144.59,20046.9,20157.11,20032.23,833190000.0,0.0062
2017-07-21,20099.75,20089.86,20135.33,20081.91,810920000.0,-0.0022
2017-07-24,19975.67,19973.67,20002.54,19901.88,837920000.0,-0.0062
2017-07-25,19955.2,19979.56,20036.31,19941.61,723420000.0,-0.001
2017-07-26,20050.16,20098.14,20116.0,20016.58,880730000.0,0.0048
2017-07-27,20079.64,20026.58,20176.39,20005.2,926960000.0,0.0015
2017-07-28,19959.84,20048.46,20056.16,19926.6,1120000000.0,-0.006
2017-07-31,19925.18,19933.45,19983.9,19891.9,1450000000.0,-0.0017000000000000001
2017-08-01,19985.79,19907.08,20000.46,19904.72,1130000000.0,0.003
2017-08-02,20080.04,20057.07,20113.73,20022.05,986340000.0,0.004699999999999999
2017-08-03,20029.26,20066.0,20070.16,19985.4,921110000.0,-0.0025
2017-08-04,19952.33,19949.79,19984.51,19933.59,789010000.0,-0.0038
2017-08-07,20055.89,20059.29,20085.9,20037.4,776310000.0,0.0052
2017-08-08,19996.01,20062.65,20076.8,19970.57,829080000.0,-0.003
2017-08-09,19738.71,19928.96,19945.28,19660.22,1080000000.0,-0.0129
2017-08-10,19729.74,19792.45,19829.88,19685.83,1070000000.0000001,-0.0005
2017-08-14,19537.1,19545.58,19598.41,19486.48,1120000000.0,-0.0098
2017-08-15,19753.31,19689.38,19824.12,19656.91,930700000.0,0.0111
2017-08-16,19729.28,19750.55,19776.86,19719.08,715400000.0,-0.0012
2017-08-17,19702.63,19707.75,19739.04,19679.37,741010000.0,-0.0014000000000000002
2017-08-18,19470.41,19471.27,19543.13,19433.09,986820000.0,-0.0118
2017-08-21,19393.13,19509.53,19509.53,19365.65,776360000.0,-0.004
2017-08-22,19383.84,19373.11,19437.25,19361.95,726900000.0,-0.0005
2017-08-23,19434.64,19547.05,19561.32,19408.47,809460000.0,0.0026
2017-08-24,19353.77,19366.36,19428.55,19351.92,777390000.0,-0.0042
2017-08-25,19452.61,19401.12,19485.97,19384.37,728550000.0,0.0051
2017-08-28,19449.9,19502.23,19535.5,19420.5,715930000.0,-0.0001
2017-08-29,19362.55,19319.11,19371.9,19280.02,772630000.0,-0.0045000000000000005
2017-08-30,19506.54,19480.98,19538.23,19435.1,945910000.0,0.0074
2017-08-31,19646.24,19591.32,19687.99,19583.11,1010000000.0,0.0072
2017-09-01,19691.47,19733.57,19735.96,19620.07,819090000.0,0.0023
2017-09-04,19508.25,19615.96,19628.4,19479.4,738550000.0,-0.009300000000000001
2017-09-05,19385.81,19533.38,19542.78,19354.59,800230000.0,-0.0063
2017-09-06,19357.97,19286.06,19371.38,19254.67,911720000.0,-0.0014000000000000002
2017-09-07,19396.52,19433.44,19482.72,19365.75,843690000.0,0.002
2017-09-08,19274.82,19297.96,19357.49,19239.52,1100000000.0,-0.0063
2017-09-11,19545.77,19441.39,19567.03,19437.14,811390000.0,0.0141
2017-09-12,19776.62,19736.14,19792.06,19718.8,926530000.0,0.0118
2017-09-13,19865.82,19873.69,19888.84,19845.02,871090000.0,0.0045000000000000005
2017-09-14,19807.44,19860.37,19918.39,19793.85,966180000.0,-0.0029
2017-09-15,19909.5,19793.8,19933.4,19787.65,1150000000.0,0.0052
2017-09-19,20299.38,20128.18,20320.78,20122.0,1250000000.0,0.0196
2017-09-20,20310.46,20301.33,20339.37,20272.82,1040000000.0,0.0005
2017-09-21,20347.48,20456.5,20481.27,20332.69,1190000000.0,0.0018
2017-09-22,20296.45,20413.61,20417.07,20249.24,984150000.0,-0.0025
2017-09-25,20397.58,20439.43,20454.29,20367.03,854460000.0,0.005
2017-09-26,20330.19,20349.26,20385.5,20303.98,978610000.0,-0.0033
2017-09-27,20267.05,20269.82,20278.09,20213.66,655940000.0,-0.0031
2017-09-28,20363.11,20398.63,20399.87,20299.68,865990000.0,0.004699999999999999
2017-09-29,20356.28,20315.34,20370.33,20285.06,876670000.0,-0.0003
2017-10-02,20400.78,20400.51,20411.33,20363.28,697040000.0,0.0022
2017-10-03,20614.07,20475.25,20628.38,20438.17,749770000.0,0.0105
2017-10-04,20626.66,20660.81,20689.08,20592.18,758470000.0,0.0006
2017-10-05,20628.56,20650.71,20667.47,20602.26,590570000.0,0.0001
2017-10-06,20690.71,20716.85,20721.15,20659.15,781860000.0,0.003
2017-10-10,20823.51,20680.54,20823.66,20663.08,807150000.0,0.0064
2017-10-11,20881.27,20803.71,20898.41,20788.12,826590000.0,0.0028000000000000004
2017-10-12,20954.72,20958.18,20994.4,20917.04,828760000.0,0.0034999999999999996
2017-10-13,21155.18,20959.66,21211.29,20933.0,1140000000.0,0.0096
2017-10-16,21255.56,21221.27,21347.07,21187.93,1060000000.0,0.004699999999999999
2017-10-17,21336.12,21352.17,21393.96,21230.67,953060000.0,0.0038
2017-10-18,21363.05,21374.66,21402.76,21317.67,749500000.0,0.0013
2017-10-19,21448.52,21450.04,21503.85,21381.52,872210000.0,0.004
2017-10-20,21457.64,21390.95,21489.26,21363.1,883840000.0,0.0004
2017-10-23,21696.65,21709.3,21723.6,21614.51,901470000.0,0.0111
2017-10-24,21805.17,21670.0,21805.17,21646.52,909350000.0,0.005
2017-10-25,21707.62,21900.13,21921.36,21648.35,1260000000.0,-0.0045000000000000005
2017-10-26,21739.78,21698.95,21793.62,21688.56,851780000.0,0.0015
2017-10-27,22008.45,21903.27,22016.5,21815.72,1240000000.0,0.0124
2017-10-30,22011.67,22047.95,22086.88,21921.24,1400000000.0,0.0001
2017-10-31,22011.61,21897.29,22020.38,21840.07,1060000000.0,-0.0
2017-11-01,22420.08,22144.92,22455.92,22130.03,1160000000.0,0.018600000000000002
2017-11-02,22539.12,22512.18,22540.25,22400.01,1090000000.0,0.0053
2017-11-06,22548.35,22612.96,22644.68,22435.34,1150000000.0,0.0004
2017-11-07,22937.6,22518.75,22953.18,22512.91,1110000000.0,0.0173
2017-11-08,22913.82,22849.91,22922.8,22759.07,1030000000.0,-0.001
2017-11-09,22868.71,22989.44,23382.15,22522.83,1650000000.0,-0.002
2017-11-10,22681.42,22580.7,22724.39,22511.93,1100000000.0,-0.008199999999999999
2017-11-13,22380.99,22607.56,22607.92,22380.99,831860000.0,-0.0132
2017-11-14,22380.01,22342.93,22532.3,22323.24,989450000.0,-0.0
2017-11-15,22028.32,22250.98,22305.24,22004.79,1240000000.0,-0.015700000000000002
2017-11-16,22351.12,21975.23,22392.13,21972.34,995950000.0,0.0147
2017-11-17,22396.8,22603.3,22757.4,22319.12,1170000000.0,0.002
2017-11-20,22261.76,22279.98,22410.24,22215.07,738960000.0,-0.006
2017-11-21,22416.48,22456.79,22563.25,22416.48,785020000.0,0.006999999999999999
2017-11-22,22523.15,22601.55,22677.34,22513.44,835590000.0,0.0048
2017-11-24,22550.85,22390.14,22567.2,22381.01,667530000.0,0.0012
2017-11-27,22495.99,22657.08,22659.33,22423.4,687220000.0,-0.0024
2017-11-28,22486.24,22474.74,22580.99,22363.94,791600000.0,-0.0004
2017-11-29,22597.2,22613.96,22643.93,22537.12,935380000.0,0.0049
2017-11-30,22724.96,22601.83,22748.32,22502.68,1450000000.0,0.005699999999999999
2017-12-01,22819.03,22916.93,22994.31,22675.07,924740000.0,0.0040999999999999995
2017-12-04,22707.16,22843.53,22864.33,22693.99,710490000.0,-0.0049
2017-12-05,22622.38,22595.33,22682.71,22522.28,781760000.0,-0.0037
2017-12-06,22177.04,22525.38,22528.21,22119.21,1000000000.0,-0.0197
2017-12-07,22498.03,22317.15,22515.24,22317.15,820300000.0,0.014499999999999999
2017-12-08,22811.08,22627.95,22819.71,22625.41,1100000000.0,0.0139
2017-12-11,22938.73,22894.3,22938.73,22787.4,716030000.0,0.005600000000000001
2017-12-12,22866.17,22936.41,22994.33,22834.89,888240000.0,-0.0032
2017-12-13,22758.07,22879.27,22879.37,22697.32,941920000.0,-0.004699999999999999
2017-12-14,22694.45,22699.3,22786.61,22638.76,876580000.0,-0.0028000000000000004
2017-12-15,22553.22,22621.36,22745.09,22478.32,1030000000.0,-0.0062
2017-12-18,22901.77,22770.44,22927.5,22735.2,878110000.0,0.0155
2017-12-19,22868.0,22961.47,22990.42,22862.82,726760000.0,-0.0015
2017-12-20,22891.72,22834.93,22923.5,22806.73,952700000.0,0.001
2017-12-21,22866.1,22852.01,22894.95,22728.06,753330000.0,-0.0011
2017-12-22,22902.76,22850.73,22908.84,22801.16,802250000.0,0.0016
2017-12-25,22939.18,22909.41,22948.83,22870.19,444480000.0,0.0016
2017-12-26,22892.69,22922.95,22950.15,22877.63,477840000.0,-0.002
2017-12-27,22911.21,22854.39,22936.16,22854.39,487440000.0,0.0008
2017-12-28,22783.98,22912.05,22954.45,22736.43,519039999.99999994,-0.005600000000000001
2017-12-29,22764.94,22831.49,22881.21,22753.2,478720000.0,-0.0008
2018-01-04,23506.33,23073.73,23506.33,23065.2,1050000000.0,0.0326
2018-01-05,23714.53,23643.0,23730.47,23520.52,1050000000.0,0.0089
2018-01-09,23849.99,23948.97,23952.61,23789.03,970170000.0,0.005699999999999999
2018-01-10,23788.2,23832.81,23864.76,23755.45,914880000.0,-0.0026
2018-01-11,23710.43,23656.39,23734.97,23601.84,862800000.0,-0.0033
2018-01-12,23653.82,23719.66,23743.05,23588.07,966080000.0,-0.0024
2018-01-15,23714.88,23827.98,23833.27,23685.02,776950000.0,0.0026
2018-01-16,23951.81,23721.17,23962.07,23701.83,706430000.0,0.01
2018-01-17,23868.34,23783.42,23891.63,23739.17,847430000.0,-0.0034999999999999996
2018-01-18,23763.37,24078.93,24084.42,23699.47,1030000000.0,-0.0044
2018-01-19,23808.06,23854.11,23872.69,23735.61,740330000.0,0.0019
2018-01-22,23816.33,23797.84,23816.33,23697.81,671640000.0,0.0003
2018-01-23,24124.15,23924.4,24129.34,23916.02,757500000.0,0.0129
2018-01-24,23940.78,24026.43,24072.77,23917.14,824270000.0,-0.0076
2018-01-25,23669.49,23750.65,23828.4,23649.03,840060000.0,-0.0113
2018-01-26,23631.88,23757.34,23797.96,23592.28,898740000.0,-0.0016
2018-01-29,23629.34,23707.14,23787.23,23580.17,708860000.0,-0.0001
2018-01-30,23291.97,23559.33,23581.98,23233.37,914750000.0,-0.0143
2018-01-31,23098.29,23205.23,23375.38,23092.85,1030000000.0,-0.0083
2018-02-01,23486.11,23276.1,23492.77,23211.12,1050000000.0,0.0168
2018-02-02,23274.53,23361.67,23367.96,23122.45,1020000000.0,-0.009000000000000001
2018-02-05,22682.08,22921.16,22967.69,22659.43,1110000000.0,-0.0255
2018-02-06,21610.24,22267.0,22277.45,21078.71,1960000000.0,-0.0473
2018-02-07,21645.37,22001.29,22353.87,21627.13,1480000000.0,0.0016
2018-02-08,21890.86,21721.57,21977.03,21649.7,1080000000.0,0.0113
2018-02-09,21382.62,21507.74,21510.3,21119.01,1320000000.0,-0.0232
2018-02-13,21244.68,21633.34,21679.2,21211.53,1180000000.0,-0.006500000000000001
2018-02-14,21154.17,21251.24,21371.01,20950.15,1070000000.0000001,-0.0043
2018-02-15,21464.98,21384.1,21578.99,21308.92,891140000.0,0.0147
2018-02-16,21720.25,21555.99,21866.37,21499.88,801700000.0,0.011899999999999999
2018-02-19,22149.21,21903.66,22152.85,21858.33,706080000.0,0.0197
2018-02-20,21925.1,22054.32,22063.87,21831.45,696270000.0,-0.0101
2018-02-21,21970.81,21942.42,22130.58,21836.73,803490000.0,0.0021
2018-02-22,21736.44,21789.88,21799.4,21626.85,796710000.0,-0.010700000000000001
2018-02-23,21892.78,21789.72,21903.39,21741.63,665760000.0,0.0072
2018-02-26,22153.63,22134.64,22226.53,22040.87,665570000.0,0.011899999999999999
2018-02-27,22389.86,22391.67,22502.05,22325.07,765760000.0,0.010700000000000001
2018-02-28,22068.24,22292.53,22380.28,22068.24,914900000.0,-0.0144
2018-03-01,21724.47,21901.13,21901.13,21645.22,930670000.0,-0.015600000000000001
2018-03-02,21181.64,21339.98,21366.09,21088.96,1000000000.0,-0.025
2018-03-05,21042.09,21047.81,21164.38,20937.26,898570000.0,-0.0066
2018-03-06,21417.76,21390.2,21551.14,21381.42,787620000.0,0.0179
2018-03-07,21252.72,21261.96,21484.08,21201.94,897300000.0,-0.0077
2018-03-08,21368.07,21488.16,21488.16,21299.4,742540000.0,0.0054
2018-03-09,21469.2,21594.22,21884.45,21357.55,1140000000.0,0.004699999999999999
2018-03-12,21824.03,21826.1,21971.16,21689.97,728260000.0,0.0165
2018-03-13,21968.1,21742.45,21968.1,21700.78,702200000.0,0.0066
2018-03-14,21777.29,21764.99,21881.09,21684.02,669690000.0,-0.0087
2018-03-15,21803.95,21704.14,21825.97,21555.49,672610000.0,0.0012
2018-03-16,21676.51,21876.53,21879.28,21632.85,779920000.0,-0.0058
2018-03-19,21480.9,21537.9,21659.04,21366.88,693520000.0,-0.009000000000000001
2018-03-20,21380.97,21297.98,21384.86,21223.97,685640000.0,-0.004699999999999999
2018-03-22,21591.99,21352.16,21592.0,21349.71,851610000.0,0.009899999999999999
2018-03-23,20617.86,21188.8,21188.8,20559.61,1250000000.0,-0.0451
2018-03-26,20766.1,20423.37,20766.1,20347.49,1000000000.0,0.0072
2018-03-27,21317.32,20958.9,21317.32,20943.31,1050000000.0,0.0265
2018-03-28,21031.31,20893.05,21031.31,20776.82,908130000.0,-0.0134
2018-03-29,21159.08,21250.96,21298.57,20996.22,813220000.0,0.0060999999999999995
2018-03-30,21454.3,21392.42,21512.8,21311.5,655770000.0,0.013999999999999999
2018-04-02,21388.58,21441.57,21597.47,21388.58,490330000.0,-0.0031
2018-04-03,21292.29,21115.48,21333.5,21056.02,657950000.0,-0.0045000000000000005
2018-04-04,21319.55,21415.85,21415.85,21238.18,779100000.0,0.0013
2018-04-05,21645.42,21541.18,21737.66,21462.1,832020000.0,0.015300000000000001
2018-04-06,21567.52,21633.73,21742.84,21550.42,767060000.0,-0.0036
2018-04-09,21678.26,21534.33,21737.09,21517.77,640430000.0,0.0051
2018-04-10,21794.32,21599.67,21933.99,21542.37,770250000.0,0.0054
2018-04-11,21687.1,21819.09,21837.36,21687.1,716520000.0,-0.0049
2018-04-12,21660.28,21657.87,21719.43,21591.39,601810000.0,-0.0012
2018-04-13,21778.74,21801.41,21917.35,21746.69,754050000.0,0.0055000000000000005
2018-04-16,21835.53,21843.55,21879.69,21775.61,550310000.0,0.0026
2018-04-17,21847.59,21801.83,21889.89,21772.42,592460000.0,0.0006
2018-04-18,22158.2,21929.01,22194.11,21914.96,726080000.0,0.014199999999999999
2018-04-19,22191.18,22231.86,22360.65,22176.86,821700000.0,0.0015
2018-04-20,22162.24,22148.22,22261.35,22076.63,718220000.0,-0.0013
2018-04-23,22088.04,22157.88,22204.86,22065.52,659950000.0,-0.0033
2018-04-24,22278.12,22228.82,22304.69,22149.59,789320000.0,0.0086
2018-04-25,22215.32,22118.62,22228.78,22080.76,755980000.0,-0.0028000000000000004
2018-04-26,22319.61,22278.77,22381.66,22265.2,750730000.0,0.004699999999999999
2018-04-27,22467.87,22466.66,22495.56,22357.53,919190000.0,0.0066
2018-05-01,22508.03,22453.42,22519.45,22411.43,926770000.0,0.0018
2018-05-02,22472.78,22568.19,22568.19,22426.55,728580000.0,-0.0016
2018-05-07,22467.16,22513.22,22513.48,22350.91,710780000.0,-0.0003
2018-05-08,22508.69,22440.65,22566.68,22423.23,794460000.0,0.0018
2018-05-09,22408.88,22463.01,22478.64,22364.75,887140000.0,-0.0044
2018-05-10,22497.18,22482.51,22530.64,22418.75,755870000.0,0.0039000000000000003
2018-05-11,22758.48,22573.95,22769.16,22545.47,827480000.0,0.0116
2018-05-14,22865.86,22705.3,22894.76,22683.64,709810000.0,0.004699999999999999
2018-05-15,22818.02,22889.47,22912.06,22805.72,891340000.0,-0.0021
2018-05-16,22717.23,22730.12,22796.14,22695.84,826580000.0,-0.0044
2018-05-17,22838.37,22820.62,22887.03,22799.16,779170000.0,0.0053
2018-05-18,22930.36,22907.2,22954.19,22867.3,672850000.0,0.004
2018-05-21,23002.37,22937.58,23050.39,22935.31,608970000.0,0.0031
2018-05-22,22960.34,23025.95,23031.67,22952.87,612260000.0,-0.0018
2018-05-23,22689.74,22868.79,22949.73,22649.85,773140000.0,-0.0118
2018-05-24,22437.01,22621.29,22644.69,22366.6,881970000.0,-0.0111
2018-05-25,22450.79,22380.22,22509.36,22318.15,725570000.0,0.0006
2018-05-28,22481.09,22488.95,22547.67,22410.91,545110000.0,0.0013
2018-05-29,22358.43,22431.95,22439.1,22240.39,616420000.0,-0.0055000000000000005
2018-05-30,22018.52,22051.97,22079.23,21931.65,933230000.0,-0.0152
2018-05-31,22201.82,22163.4,22254.42,22098.0,1370000000.0,0.0083
2018-06-01,22171.35,22126.25,22316.91,22098.04,850360000.0,-0.0014000000000000002
2018-06-04,22475.94,22365.09,22515.72,22355.83,741230000.0,0.0137
2018-06-05,22539.54,22552.17,22602.13,22470.04,678020000.0,0.0028000000000000004
2018-06-06,22625.73,22520.31,22662.82,22498.59,700130000.0,0.0038
2018-06-07,22823.26,22748.72,22856.37,22732.18,743580000.0,0.0087
2018-06-08,22694.5,22799.38,22879.0,22694.5,877580000.0,-0.005600000000000001
2018-06-11,22804.04,22686.95,22856.08,22667.3,573980000.0,0.0048
2018-06-12,22878.35,22977.22,23011.57,22797.73,659020000.0,0.0033
2018-06-13,22966.38,22896.17,22993.26,22895.31,587740000.0,0.0038
2018-06-14,22738.61,22842.96,22898.39,22738.61,742710000.0,-0.009899999999999999
2018-06-15,22851.75,22883.24,22885.84,22770.38,912370000.0,0.005
2018-06-18,22680.33,22806.57,22806.89,22601.13,669850000.0,-0.0075
2018-06-19,22278.48,22565.92,22618.52,22278.48,818900000.0,-0.0177
2018-06-20,22555.43,22338.53,22581.4,22167.16,917020000.0,0.0124
2018-06-21,22693.04,22523.28,22782.01,22491.08,783000000.0,0.0060999999999999995
2018-06-22,22516.83,22456.45,22535.65,22414.18,886100000.0,-0.0078000000000000005
2018-06-25,22338.15,22543.56,22556.55,22312.79,625480000.0,-0.0079
2018-06-26,22342.0,22160.33,22368.78,22104.12,735170000.0,0.0002
2018-06-27,22271.77,22320.88,22356.54,22205.34,677770000.0,-0.0031
2018-06-28,22270.39,22195.19,22299.39,22038.4,721980000.0,-0.0001
2018-06-29,22304.51,22314.47,22332.82,22145.48,699800000.0,0.0015
2018-07-02,21811.93,22233.8,22312.25,21784.48,692500000.0,-0.022099999999999998
2018-07-03,21785.54,21889.06,21927.81,21574.56,788800000.0,-0.0012
2018-07-04,21717.04,21679.0,21784.0,21604.18,640870000.0,-0.0031
2018-07-05,21546.99,21697.44,21751.5,21462.95,688370000.0,-0.0078000000000000005
2018-07-06,21788.14,21647.66,21866.16,21642.96,738440000.0,0.011200000000000002
2018-07-09,22052.18,21838.53,22105.95,21825.76,630770000.0,0.0121
2018-07-10,22196.89,22215.34,22321.6,22196.89,934950000.0,0.0066
2018-07-11,21932.21,22002.14,22044.62,21744.25,771890000.0,-0.011899999999999999
2018-07-12,22187.96,22036.87,22233.52,22019.19,663580000.0,0.011699999999999999
2018-07-13,22597.35,22397.62,22692.86,22316.52,748160000.0,0.018500000000000003
2018-07-17,22697.36,22605.73,22832.22,22575.42,780880000.0,0.0044
2018-07-18,22794.19,22917.52,22949.32,22794.19,582010000.0,0.0043
2018-07-19,22764.68,22871.62,22926.47,22761.87,643170000.0,-0.0013
2018-07-20,22697.88,22734.56,22869.98,22541.35,719150000.0,-0.0029
2018-07-23,22396.99,22480.33,22507.17,22341.87,906890000.0,-0.013300000000000001
2018-07-24,22510.48,22555.05,22555.05,22416.23,725760000.0,0.0051
2018-07-25,22614.25,22594.28,22645.66,22547.14,604860000.0,0.0046
2018-07-26,22586.87,22711.59,22717.15,22549.77,718250000.0,-0.0012
2018-07-27,22712.75,22646.48,22712.75,22593.2,754910000.0,0.005600000000000001
2018-07-30,22544.84,22613.3,22631.32,22518.94,785710000.0,-0.0074
2018-07-31,22553.72,22472.12,22678.06,22352.21,1190000000.0,0.0004
2018-08-01,22746.7,22642.18,22775.47,22615.98,1040000000.0,0.0086
2018-08-02,22512.53,22676.73,22754.73,22464.81,973640000.0,-0.0103
2018-08-03,22525.18,22585.54,22613.5,22490.57,738920000.0,0.0006
2018-08-06,22507.32,22536.05,22635.68,22486.74,690550000.0,-0.0008
2018-08-07,22662.74,22514.31,22666.68,22499.05,715160000.0,0.0069
2018-08-08,22644.31,22666.56,22800.61,22610.29,749900000.0,-0.0008
2018-08-09,22598.39,22591.54,22648.88,22497.99,637210000.0,-0.002
2018-08-10,22298.08,22606.91,22608.86,22272.69,762210000.0,-0.013300000000000001
2018-08-13,21857.43,22117.57,22124.6,21851.32,801820000.0,-0.019799999999999998
2018-08-14,22356.08,22053.07,22356.08,22047.19,614850000.0,0.022799999999999997
2018-08-15,22204.22,22368.12,22380.28,22110.29,631270000.0,-0.0068000000000000005
2018-08-16,22192.04,21980.82,22240.42,21871.7,802620000.0,-0.0005
2018-08-17,22270.38,22313.19,22340.95,22244.1,577540000.0,0.0034999999999999996
2018-08-20,22199.0,22267.07,22288.31,22150.75,481620000.0,-0.0032
2018-08-21,22219.73,22110.54,22306.83,22053.14,562220000.0,0.0009
2018-08-22,22362.55,22270.04,22390.2,22162.81,588980000.0,0.0064
2018-08-23,22410.82,22420.67,22463.03,22377.88,516919999.99999994,0.0022
2018-08-24,22601.77,22484.01,22602.24,22452.42,519750000.0,0.0085
2018-08-27,22799.64,22693.69,22838.06,22682.39,517650000.0,0.0088
2018-08-28,22813.47,22967.74,23006.77,22813.47,625860000.0,0.0006
2018-08-29,22848.22,22820.86,22968.18,22819.97,605990000.0,0.0015
2018-08-30,22869.5,23020.18,23032.17,22832.83,761970000.0,0.0009
2018-08-31,22865.15,22733.25,22890.61,22678.03,701660000.0,-0.0002
2018-09-03,22707.38,22819.17,22820.48,22684.43,513669999.99999994,-0.0069
2018-09-04,22696.9,22740.05,22753.18,22612.15,538720000.0,-0.0005
2018-09-05,22580.83,22663.8,22692.25,22570.52,673720000.0,-0.0051
2018-09-06,22487.94,22458.97,22535.34,22416.63,640780000.0,-0.0040999999999999995
2018-09-07,22307.06,22351.84,22372.89,22172.9,720050000.0,-0.008
2018-09-10,22373.09,22253.65,22396.88,22249.61,574180000.0,0.003
2018-09-11,22664.69,22469.78,22667.85,22457.1,788530000.0,0.013000000000000001
2018-09-12,22604.61,22702.71,22709.37,22522.17,822690000.0,-0.0027
2018-09-13,22821.32,22657.95,22858.41,22643.88,773080000.0,0.0096
2018-09-14,23094.67,23035.78,23105.28,22965.48,1060000000.0,0.012
2018-09-18,23420.54,23042.19,23481.53,23039.26,933740000.0,0.0141
2018-09-19,23672.52,23754.96,23842.05,23672.52,964620000.0,0.0108
2018-09-20,23674.93,23752.79,23781.75,23582.15,1050000000.0,0.0001
2018-09-21,23869.93,23848.63,23971.41,23764.05,1240000000.0,0.008199999999999999
2018-09-25,23940.26,23881.85,23950.98,23808.95,1040000000.0,0.0029
2018-09-26,24033.79,23846.6,24033.79,23833.92,867650000.0,0.0039000000000000003
2018-09-27,23796.74,23946.43,24089.32,23778.04,785730000.0,-0.009899999999999999
2018-09-28,24120.04,24080.01,24286.1,24021.27,935000000.0,0.013600000000000001
2018-10-01,24245.76,24173.37,24306.54,24123.5,669600000.0,0.0052
2018-10-02,24270.62,24376.17,24448.07,24217.26,830140000.0,0.001
2018-10-03,24110.96,24219.19,24260.63,24030.59,734700000.0,-0.0066
2018-10-04,23975.62,24242.06,24247.82,23923.26,921510000.0,-0.005600000000000001
2018-10-05,23783.72,23781.76,23928.62,23730.19,871860000.0,-0.008
2018-10-09,23469.39,23550.47,23587.05,23442.46,892100000.0,-0.0132
2018-10-10,23506.04,23538.92,23589.38,23373.54,728310000.0,0.0016
2018-10-11,22590.86,23043.37,23051.19,22459.02,1190000000.0,-0.038900000000000004
2018-10-12,22694.66,22323.43,22711.13,22323.43,1030000000.0,0.0046
2018-10-15,22271.3,22501.33,22520.59,22261.92,824290000.0,-0.0187
2018-10-16,22549.24,22298.2,22549.24,22269.53,723400000.0,0.0125
2018-10-17,22841.12,22806.59,22959.41,22765.58,743000000.0,0.0129
2018-10-18,22658.16,22871.28,22873.13,22637.29,662840000.0,-0.008
2018-10-19,22532.08,22342.0,22551.67,22212.57,694700000.0,-0.005600000000000001
2018-10-22,22614.82,22374.21,22672.25,22271.59,649090000.0,0.0037
2018-10-23,22010.78,22404.14,22410.15,21993.07,826570000.0,-0.026699999999999998
2018-10-24,22091.18,22167.76,22207.09,21911.42,864520000.0,0.0037
2018-10-25,21268.73,21676.83,21703.21,21204.4,965270000.0,-0.037200000000000004
2018-10-26,21184.6,21440.84,21476.66,20971.93,958100000.0,-0.004
2018-10-29,21149.8,21323.61,21465.99,21109.97,730170000.0,-0.0016
2018-10-30,21457.29,21049.52,21568.4,21035.88,1210000000.0,0.014499999999999999
2018-10-31,21920.46,21569.56,21920.46,21530.39,1080000000.0,0.0216
2018-11-01,21687.65,21906.41,21906.41,21628.45,1050000000.0,-0.0106
2018-11-02,22243.66,21761.58,22308.42,21751.33,1050000000.0,0.0256
2018-11-05,21898.99,22002.47,22051.65,21865.98,810710000.0,-0.0155
2018-11-06,22147.75,22018.87,22160.83,21994.28,749270000.0,0.011399999999999999
2018-11-07,22085.8,22189.74,22444.65,21996.94,993180000.0,-0.0028000000000000004
2018-11-08,22486.92,22446.01,22583.43,22421.0,844090000.0,0.0182
2018-11-09,22250.25,22471.31,22494.58,22226.01,805030000.0,-0.0105
2018-11-12,22269.88,22121.7,22324.01,22046.29,610750000.0,0.0009
2018-11-13,21810.52,21885.24,21892.29,21484.65,883900000.0,-0.0206
2018-11-14,21846.48,21851.13,21990.41,21764.88,775390000.0,0.0016
2018-11-15,21803.62,21670.35,21818.73,21613.53,838960000.0,-0.002
2018-11-16,21680.34,21804.9,21873.74,21663.99,772030000.0,-0.005699999999999999
2018-11-19,21821.16,21679.03,21852.92,21665.29,742800000.0,0.006500000000000001
2018-11-20,21583.12,21582.69,21687.12,21526.95,851490000.0,-0.0109
2018-11-21,21507.54,21286.81,21555.61,21243.38,796620000.0,-0.0034999999999999996
2018-11-22,21646.55,21582.47,21684.64,21484.98,678570000.0,0.006500000000000001
2018-11-26,21812.0,21647.69,21838.1,21622.6,803880000.0,0.0076
2018-11-27,21952.4,21967.98,22006.83,21816.05,763280000.0,0.0064
2018-11-28,22177.02,22036.72,22216.98,22032.72,799910000.0,0.0102
2018-11-29,22262.6,22360.98,22437.95,22241.17,713880000.0,0.0039000000000000003
2018-11-30,22351.06,22274.97,22362.2,22231.96,1070000000.0000001,0.004
2018-12-03,22574.76,22629.39,22698.79,22550.29,726860000.0,0.01
2018-12-04,22036.05,22533.97,22576.62,22033.41,924040000.0,-0.0239
2018-12-05,21919.33,21755.17,21979.18,21708.82,863010000.0,-0.0053
2018-12-06,21501.62,21766.5,21805.02,21307.72,902950000.0,-0.0191
2018-12-07,21678.68,21643.75,21734.94,21506.45,804620000.0,0.008199999999999999
2018-12-10,21219.5,21319.47,21365.78,21169.96,813670000.0,-0.0212
2018-12-11,21148.02,21273.04,21279.02,21062.31,902490000.0,-0.0034000000000000002
2018-12-12,21602.75,21348.4,21631.47,21320.72,923720000.0,0.0215
2018-12-13,21816.19,21755.13,21871.34,21675.66,816710000.0,0.009899999999999999
2018-12-14,21374.83,21638.96,21751.31,21353.94,1060000000.0,-0.0202
2018-12-17,21506.88,21391.73,21563.27,21363.67,654130000.0,0.0062
2018-12-18,21115.45,21275.51,21330.36,21101.44,830370000.0,-0.0182
2018-12-19,20987.92,21107.17,21168.62,20880.73,838040000.0,-0.006
2018-12-20,20392.58,20779.93,20841.34,20282.93,993350000.0,-0.028399999999999998
2018-12-21,20166.19,20310.5,20334.73,20006.67,1200000000.0,-0.0111
2018-12-25,19155.74,19785.43,19785.43,19117.96,978980000.0,-0.0501
2018-12-26,19327.06,19302.59,19530.35,18948.58,824460000.0,0.0089
2018-12-27,20077.62,19706.19,20211.57,19701.76,959030000.0,0.0388
2018-12-28,20014.77,19957.88,20084.38,19900.04,727890000.0,-0.0031
2019-01-04,19561.96,19655.13,19692.58,19241.37,943710000.0,-0.0226
2019-01-07,20038.97,19944.61,20266.22,19920.8,840260000.0,0.024399999999999998
2019-01-08,20204.04,20224.67,20347.92,20106.36,891350000.0,0.008199999999999999
2019-01-09,20427.06,20366.3,20494.35,20331.2,750920000.0,0.011000000000000001
2019-01-10,20163.8,20270.88,20345.92,20101.93,759630000.0,-0.0129
2019-01-11,20359.7,20296.45,20389.89,20294.74,801210000.0,0.0097
2019-01-15,20555.29,20264.82,20571.28,20204.43,806940000.0,0.0096
2019-01-16,20442.75,20575.72,20580.25,20323.32,716840000.0,-0.0055000000000000005
2019-01-17,20402.27,20544.23,20571.75,20342.46,656180000.0,-0.002
2019-01-18,20666.07,20472.81,20682.12,20454.13,666630000.0,0.0129
2019-01-21,20719.33,20848.38,20892.68,20678.26,630650000.0,0.0026
2019-01-22,20622.91,20770.06,20805.93,20558.3,588600000.0,-0.004699999999999999
2019-01-23,20593.72,20453.44,20686.29,20438.22,612830000.0,-0.0014000000000000002
2019-01-24,20574.63,20506.24,20620.72,20467.59,633320000.0,-0.0009
2019-01-25,20773.56,20598.64,20844.31,20598.64,705060000.0,0.0097
2019-01-28,20649.0,20746.29,20759.48,20624.55,585540000.0,-0.006
2019-01-29,20664.64,20555.44,20673.66,20406.22,650250000.0,0.0008
2019-01-30,20556.54,20701.62,20706.27,20527.53,743380000.0,-0.0052
2019-01-31,20773.49,20832.91,20869.42,20682.91,779600000.0,0.0106
2019-02-01,20788.39,20797.03,20929.63,20741.98,847460000.0,0.0007000000000000001
2019-02-04,20883.77,20831.9,20922.58,20823.68,686880000.0,0.0046
2019-02-05,20844.45,20960.47,20981.23,20823.18,674930000.0,-0.0019
2019-02-06,20874.06,20928.87,20971.66,20860.99,710050000.0,0.0014000000000000002
2019-02-07,20751.28,20812.22,20844.77,20665.51,727740000.0,-0.0059
2019-02-08,20333.17,20510.5,20562.39,20315.31,888590000.0,-0.020099999999999996
2019-02-12,20864.21,20442.55,20885.88,20428.57,866910000.0,0.026099999999999998
2019-02-13,21144.48,21029.93,21213.74,20992.88,810270000.0,0.0134
2019-02-14,21139.71,21147.89,21235.62,21102.16,665200000.0,-0.0002
2019-02-15,20900.63,21051.51,21051.51,20853.33,676140000.0,-0.0113
2019-02-18,21281.85,21217.32,21306.36,21189.97,636940000.0,0.0182
2019-02-19,21302.65,21256.58,21344.17,21217.16,552650000.0,0.001
2019-02-20,21431.49,21346.04,21494.85,21315.39,615070000.0,0.006
2019-02-21,21464.23,21422.31,21553.35,21318.74,704960000.0,0.0015
2019-02-22,21425.51,21376.36,21451.23,21348.67,539890000.0,-0.0018
2019-02-25,21528.23,21567.66,21590.03,21505.07,533640000.0,0.0048
2019-02-26,21449.39,21556.02,21610.88,21405.84,580570000.0,-0.0037
2019-02-27,21556.51,21504.61,21578.81,21492.65,698290000.0,0.005
2019-02-28,21385.16,21536.55,21536.55,21364.09,737240000.0,-0.0079
2019-03-01,21602.69,21490.02,21641.58,21490.02,644740000.0,0.0102
2019-03-04,21822.04,21812.81,21860.39,21740.92,609230000.0,0.0102
2019-03-05,21726.28,21712.8,21798.38,21659.04,610390000.0,-0.0044
2019-03-06,21596.81,21659.03,21684.6,21550.45,588580000.0,-0.006
2019-03-07,21456.01,21456.88,21472.16,21402.12,774960000.0,-0.006500000000000001
2019-03-08,21025.56,21339.17,21359.32,20993.07,1030000000.0,-0.020099999999999996
2019-03-11,21125.09,21062.75,21145.94,20938.0,573250000.0,0.004699999999999999
2019-03-12,21503.69,21361.61,21568.48,21348.81,698570000.0,0.0179
2019-03-13,21290.24,21425.77,21474.17,21198.99,681770000.0,-0.009899999999999999
2019-03-14,21287.02,21474.58,21522.75,21287.02,660940000.0,-0.0002
2019-03-15,21450.85,21376.73,21521.68,21374.85,857900000.0,0.0077
2019-03-18,21584.5,21576.36,21612.67,21500.32,568960000.0,0.0062
2019-03-19,21566.85,21558.43,21585.55,21425.79,617700000.0,-0.0008
2019-03-20,21608.92,21548.65,21614.17,21499.16,673200000.0,0.002
2019-03-22,21627.34,21713.26,21713.26,21542.03,813480000.0,0.0009
2019-03-25,20977.11,21267.41,21275.43,20911.57,801450000.0,-0.0301
2019-03-26,21428.39,21174.34,21460.99,21174.34,1040000000.0,0.0215
2019-03-27,21378.73,21353.61,21388.59,21242.52,782560000.0,-0.0023
2019-03-28,21033.76,21191.32,21191.32,20974.19,733100000.0,-0.0161
2019-03-29,21205.81,21228.51,21267.25,21149.42,635380000.0,0.008199999999999999
2019-04-01,21509.03,21500.89,21682.94,21471.12,798210000.0,0.0143
2019-04-02,21505.31,21744.64,21744.64,21490.56,732240000.0,-0.0002
2019-04-03,21713.21,21563.64,21722.72,21489.95,705680000.0,0.0097
2019-04-04,21724.95,21724.69,21787.6,21662.9,596940000.0,0.0005
2019-04-05,21807.5,21743.14,21839.18,21731.34,602890000.0,0.0038
2019-04-08,21761.65,21900.55,21900.55,21740.53,563260000.0,-0.0021
2019-04-09,21802.59,21750.29,21811.88,21698.42,559510000.0,0.0019
2019-04-10,21687.57,21579.68,21687.57,21571.67,605020000.0,-0.0053
2019-04-11,21711.38,21662.65,21721.42,21627.87,630650000.0,0.0011
2019-04-12,21870.56,21782.35,21878.78,21698.71,634650000.0,0.0073
2019-04-15,22169.11,22122.97,22211.03,22102.93,681430000.0,0.0137
2019-04-16,22221.66,22108.15,22261.33,22095.32,590950000.0,0.0024
2019-04-17,22277.97,22236.41,22345.19,22185.87,776600000.0,0.0025
2019-04-18,22090.12,22274.13,22305.63,22058.39,693550000.0,-0.0084
2019-04-19,22200.56,22238.07,22250.37,22162.23,498210000.0,0.005
2019-04-22,22217.9,22188.62,22280.19,22099.38,441690000.0,0.0008
2019-04-23,22259.74,22241.74,22268.37,22119.94,535789999.99999994,0.0019
2019-04-24,22200.0,22356.83,22362.92,22125.48,700360000.0,-0.0027
2019-04-25,22307.58,22183.32,22334.69,22155.23,652750000.0,0.0048
2019-04-26,22258.73,22167.48,22270.29,22073.1,740800000.0,-0.0022
2019-05-07,21923.72,22184.4,22190.49,21875.11,934910000.0,-0.0151
2019-05-08,21602.59,21628.04,21639.12,21514.85,884460000.0,-0.0146
2019-05-09,21402.13,21492.91,21559.76,21315.07,999110000.0,-0.009300000000000001
2019-05-10,21344.92,21431.81,21584.09,21175.33,1020000000.0,-0.0027
2019-05-13,21191.28,21180.74,21277.66,21127.93,768210000.0,-0.0072
2019-05-14,21067.23,20870.77,21077.48,20751.45,929620000.0,-0.0059
2019-05-15,21188.56,21112.85,21191.53,20968.08,866630000.0,0.0058
2019-05-16,21062.98,21153.2,21153.2,20951.67,849620000.0,-0.0059
2019-05-17,21250.09,21246.86,21398.85,21199.98,780730000.0,0.0089
2019-05-20,21301.73,21305.97,21430.06,21282.65,671330000.0,0.0024
2019-05-21,21272.45,21211.26,21318.8,21160.43,723210000.0,-0.0014000000000000002
2019-05-22,21283.37,21373.52,21404.54,21266.98,665380000.0,0.0005
2019-05-23,21151.14,21180.24,21209.56,21072.72,658640000.0,-0.0062
2019-05-24,21117.22,20980.79,21117.22,20922.0,698310000.0,-0.0016
2019-05-27,21182.58,21148.46,21232.38,21113.76,429010000.0,0.0031
2019-05-28,21260.14,21187.17,21297.7,21177.27,1020000000.0,0.0037
2019-05-29,21003.37,21055.42,21071.73,20884.61,721550000.0,-0.0121
2019-05-30,20942.53,20881.5,20942.53,20809.29,604990000.0,-0.0029
2019-05-31,20601.19,20785.21,20823.1,20581.58,814510000.0,-0.0163
2019-06-03,20410.88,20327.87,20438.03,20305.74,695250000.0,-0.0092
2019-06-04,20408.54,20435.86,20464.57,20289.64,713000000.0,-0.0001
2019-06-05,20776.1,20667.89,20800.64,20646.15,744710000.0,0.018000000000000002
2019-06-06,20774.04,20745.84,20842.28,20745.84,614230000.0,-0.0001
2019-06-07,20884.71,20859.78,20907.77,20816.58,522700000.00000006,0.0053
2019-06-10,21134.42,21095.4,21166.12,21077.95,599680000.0,0.012
2019-06-11,21204.28,21099.54,21227.18,21066.62,536720000.0,0.0033
2019-06-12,21129.72,21130.39,21259.7,21118.75,582360000.0,-0.0034999999999999996
2019-06-13,21032.0,21040.91,21111.23,20932.13,677080000.0,-0.0046
2019-06-14,21116.89,21049.41,21119.73,20971.18,623440000.0,0.004
2019-06-17,21124.0,21094.96,21185.25,21044.62,505820000.0,0.0003
2019-06-18,20972.71,21111.77,21153.65,20924.19,562670000.0,-0.0072
2019-06-19,21333.87,21223.17,21358.72,21213.43,660880000.0,0.0172
2019-06-20,21462.86,21417.74,21491.39,21377.27,573610000.0,0.006
2019-06-21,21258.64,21487.67,21497.82,21221.7,918210000.0,-0.0095
2019-06-24,21285.99,21223.56,21317.86,21185.67,445420000.0,0.0013
2019-06-25,21193.81,21238.07,21313.77,21114.47,556110000.0,-0.0043
2019-06-26,21086.59,21067.68,21129.64,21035.84,519059999.99999994,-0.0051
2019-06-27,21338.17,21156.88,21338.17,21123.97,632280000.0,0.011899999999999999
2019-06-28,21275.92,21282.22,21324.93,21199.85,639830000.0,-0.0029
2019-07-01,21729.97,21566.27,21758.34,21559.17,689820000.0,0.0213
2019-07-02,21754.27,21699.43,21784.22,21697.31,564110000.0,0.0011
2019-07-03,21638.16,21684.07,21708.72,21566.65,567020000.0,-0.0053
2019-07-04,21702.45,21740.93,21755.63,21672.5,389850000.0,0.003
2019-07-05,21746.38,21703.61,21746.38,21647.73,461630000.0,0.002
2019-07-08,21534.35,21665.79,21672.65,21499.57,534580000.00000006,-0.0098
2019-07-09,21565.15,21598.15,21687.29,21508.22,555540000.0,0.0014000000000000002
2019-07-10,21533.48,21499.46,21601.86,21488.22,607160000.0,-0.0015
2019-07-11,21643.53,21547.19,21649.93,21532.57,510940000.0,0.0051
2019-07-12,21685.9,21720.14,21720.14,21589.83,467990000.0,0.002
2019-07-16,21535.25,21644.38,21655.52,21514.89,513070000.00000006,-0.0069
2019-07-17,21469.18,21474.63,21488.27,21380.55,549150000.0,-0.0031
2019-07-18,21046.24,21336.8,21347.84,20993.44,723960000.0,-0.0197
2019-07-19,21466.99,21146.5,21474.3,21121.9,597080000.0,0.02
2019-07-22,21416.79,21394.75,21445.03,21317.85,483500000.0,-0.0023
2019-07-23,21620.88,21425.44,21686.53,21411.93,495760000.0,0.0095
2019-07-24,21709.57,21726.98,21744.88,21677.71,526960000.00000006,0.0040999999999999995
2019-07-25,21756.55,21715.95,21823.07,21715.69,483830000.0,0.0022
2019-07-26,21658.15,21700.2,21709.74,21590.66,490600000.0,-0.0045000000000000005
2019-07-29,21616.8,21627.55,21652.95,21518.7,485150000.0,-0.0019
2019-07-30,21709.31,21681.82,21792.98,21665.86,562220000.0,0.0043
2019-07-31,21521.53,21526.38,21589.11,21476.07,788830000.0,-0.0086
2019-08-01,21540.99,21361.58,21556.69,21288.9,780370000.0,0.0009
2019-08-02,21087.16,21211.06,21211.06,20960.09,942980000.0,-0.021099999999999997
2019-08-05,20720.29,20909.98,20941.83,20514.19,884510000.0,-0.0174
2019-08-06,20585.31,20325.52,20607.83,20110.76,925440000.0,-0.006500000000000001
2019-08-07,20516.56,20548.07,20570.19,20406.52,758840000.0,-0.0033
2019-08-08,20593.35,20529.29,20682.24,20462.98,667820000.0,0.0037
2019-08-09,20684.82,20758.15,20782.06,20676.92,657210000.0,0.0044
2019-08-13,20455.44,20432.68,20503.38,20369.27,729380000.0,-0.0111
2019-08-14,20655.13,20669.99,20697.42,20581.17,609360000.0,0.0098
2019-08-15,20405.65,20324.25,20419.88,20184.85,681690000.0,-0.0121
2019-08-16,20418.81,20323.97,20465.71,20300.35,584390000.0,0.0006
2019-08-19,20563.16,20590.47,20633.9,20502.66,505710000.0,0.0070999999999999995
2019-08-20,20677.22,20605.35,20684.06,20582.01,501320000.0,0.0055000000000000005
2019-08-21,20618.57,20489.97,20626.05,20482.62,529840000.00000006,-0.0028000000000000004
2019-08-22,20628.01,20706.07,20731.19,20584.29,546330000.0,0.0005
2019-08-23,20710.91,20579.98,20719.31,20579.98,507020000.0,0.004
2019-08-26,20261.04,20325.44,20329.01,20173.76,698510000.0,-0.0217
2019-08-27,20456.08,20467.22,20529.94,20439.92,607850000.0,0.0096
2019-08-28,20479.42,20474.31,20511.21,20433.31,514890000.0,0.0011
2019-08-29,20460.93,20500.5,20520.68,20361.12,550710000.0,-0.0009
2019-08-30,20704.37,20641.49,20748.35,20633.3,719950000.0,0.011899999999999999
2019-09-02,20620.19,20625.75,20667.56,20614.29,423990000.0,-0.0040999999999999995
2019-09-03,20625.16,20581.58,20662.23,20578.02,453520000.0,0.0002
2019-09-04,20649.14,20578.67,20694.35,20554.16,515280000.0,0.0012
2019-09-05,21085.94,20800.29,21164.61,20787.93,829630000.0,0.0212
2019-09-06,21199.57,21201.83,21241.29,21145.81,710960000.0,0.0054
2019-09-09,21318.42,21214.56,21333.51,21182.26,578110000.0,0.005600000000000001
2019-09-10,21392.1,21363.57,21438.35,21350.35,923750000.0,0.0034999999999999996
2019-09-11,21597.76,21466.66,21619.21,21437.82,1100000000.0,0.0096
2019-09-12,21759.61,21761.09,21825.92,21743.96,960340000.0,0.0075
2019-09-13,21988.29,21907.83,22019.66,21820.94,1160000000.0,0.0105
2019-09-17,22001.32,21947.59,22041.08,21878.63,815240000.0,0.0006
2019-09-18,21960.71,22014.65,22027.86,21942.03,693980000.0,-0.0018
2019-09-19,22044.45,22064.46,22255.56,22003.3,781600000.0,0.0038
2019-09-20,22079.09,22130.74,22204.75,22047.9,850330000.0,0.0016
